﻿<?xml version="1.0" encoding="UTF-8"?>
<playlist version="1" xmlns="http://xspf.org/ns/0/">
    <title>Ounage Playlist</title>
    <creator>Dew</creator>
    <link>http://www.blup.fr/</link>
    <info>The Best Playlist for Testing</info>
    <image>covers/tracklist.jpg</image>

    <trackList>

        <track>
          <location>mp3/Will of the Heart.mp3</location>
          <creator>Shiro Sagisu</creator>
          <album>OST Fever</album>
          <title>Will of the Heart</title>
          <annotation>I love this song</annotation>
          <duration>147000</duration>
          <info></info>
        </track>
        
        <track>
          <location>mp3/A Requiem.mp3</location>
          <creator>Shiro Sagisu</creator>
          <album>OST Fever</album>
          <title>A Requiem</title>
	</track>
        
    </trackList>
</playlist>
