<?xml version="1.0" encoding="utf-8" ?>
<dwsync>
<file name="about.html" server="ftp.kalpanik.in" local="130327218704922384" remote="130327223400000000" />
<file name="capomaestro.html" server="ftp.kalpanik.in" local="130327198207830017" remote="130327223400000000" />
<file name="contact.html" server="ftp.kalpanik.in" local="130327204618596692" remote="130327223400000000" />
<file name="department.html" server="ftp.kalpanik.in" local="130327204619466742" remote="130327223400000000" />
<file name="index.html" server="ftp.kalpanik.in" local="130327204620536803" remote="130327224600000000" />
<file name="workshops.html" server="ftp.kalpanik.in" local="130327204620156781" remote="130327224600000000" />
<file name="default.html" server="ftp.kalpanik.in" local="128861946000000000" remote="130327223400000000" />
<file name="Arial.css" server="ftp.kalpanik.in" local="130326482026681146" remote="130327223400000000" />
</dwsync>